<beans xmlns="http://www.springframework.org/schema/beans"
	xmlns:context="http://www.springframework.org/schema/context"
	xmlns:mvc="http://www.springframework.org/schema/mvc" xmlns:xsi="http://www.w3.org/2001/XMLSchema-instance"
	xsi:schemaLocation="
    http://www.springframework.org/schema/beans     
    http://www.springframework.org/schema/beans/spring-beans-3.0.xsd
    http://www.springframework.org/schema/context 
    http://www.springframework.org/schema/context/spring-context-3.0.xsd
    http://www.springframework.org/schema/mvc
    http://www.springframework.org/schema/mvc/spring-mvc-3.0.xsd">

	<!-- Enables the Spring MVC @Controller programming model -->
	<mvc:annotation-driven />

	<!-- Handles HTTP GET requests for /resources/** by efficiently serving 
		up static resources in the ${webappRoot}/resources directory -->
	<mvc:resources mapping="/resources/**" location="/resources/"></mvc:resources>
	<mvc:resources mapping="/image/**"
		location="file:///${catalina.home}/tmpFiles/"></mvc:resources>

	<!-- Set package to scan using annotation -->
	<context:component-scan base-package="edu.ctu.thesis.travelsystem" />

	<!-- Resolves views selected for rendering by @Controllers to .jsp resources 
		in the /WEB-INF/pages directory -->
	<bean id="viewResolver1"
		class="org.springframework.web.servlet.view.ResourceBundleViewResolver">
		<property name="order" value="1" />
		<property name="basename" value="views" />
	</bean>

	<bean id="viewResolver2"
		class="org.springframework.web.servlet.view.InternalResourceViewResolver">
		<property name="order" value="2" />
		<property name="prefix" value="/WEB-INF/pages/" />
		<property name="suffix" value=".jsp" />
	</bean>

	<!-- Using for report errors message -->
	<bean id="messageSource"
		class="org.springframework.context.support.ReloadableResourceBundleMessageSource">
		<property name="basenames">
			<list>
				<value>classpath:message</value>
			</list>
		</property>
		<property name="defaultEncoding" value="UTF-8" />
	</bean>

	<!-- Using set size upload file -->
	<bean id="multipartResolver"
		class="org.springframework.web.multipart.commons.CommonsMultipartResolver">

		<!-- setting maximum upload size -->
		<property name="maxUploadSize" value="5000000" /><!-- ~4980kb -->
	</bean>

</beans>